ID,Comment
1,"歡迎加入會員，搶先收看民意，支持真實呈現民眾看法的節目
https://www.youtube.com/channel/UCNRI8nkhiPU5BAelIJe0l_g/join
新北上集這裡看 https://youtu.be/R4vju1HlitA
追蹤頻道IG https://www.instagram.com/mdddj_tw/

追蹤宇傑IG"
2,打了民眾黨一整年，沒造成傷害反倒把票源打更廣
3,一個選區兩個世界
4,"起風了

是說蘇巧慧的造型跟蔡英文還真像..."
5,民眾黨真的未來可期 年輕票好多
6,哈哈，綠綠在年輕人的票真的倒了，不要以為你們做什麼都能被黨媒洗掉。
7,我是國民黨的 但若是藍白合是由民眾黨出線我也絕對支持到底 藍白都加油
8,台灣最大黨-討厭民進黨
9,哇 這一集的受訪者智商相當高 都做出理性的抉擇
10,"其實黃國昌不適合當地方父母官！
他適合當法務部長！"
11,"14:07  支持宋楚瑜，楚瑜不能亡
話說這個楚瑜派的弟弟好可愛"
12,李四川現是副市長，經驗比黃國昌強，黃去當立法委員
13,1:58  好笑.... 蘇貞昌講話就不大聲？去看看他在院會反質詢的態度和聲量，囂張的勒
14,國昌老師很優秀
15,"我是支持國昌老師的
但感覺這份民調真的太快樂了嗚嗚"
16,"14:08 這位年輕人知道宋楚瑜, 太神奇."
17,總算看到一些希望..
18,這一集竟然是國昌贏耶
19,川哥讚加油加油加油
20,唯一支持李四川
21,民眾黨就是年輕貌美啊
22,為甚麼投黃國昌?太帥啦
23,反指標
24,蘇巧慧爸爸是蘇貞昌就已經把分數扣光了
25,太帥惹國蔥老師
26,永和樂華是覺醒喔？？？
27,沒貪汚誰都奈何不了你！無論那個黨都一樣
28,川伯加油！工仔人投給工仔人！！！！！
29,9:06 我會不會被殺掉
30,跟旱市是完全相反的意向~
31,全真民調
32,"要投肯做事的市長
不喜歡貪污黨"
33,老人只會用新聞標題印象來判斷，跟年輕人天差地北
34,非昌不投好帥氣。
35,"中壯年上班族對政治人物的印象來自「新聞片段」，通常討厭充滿是非的人物。
年長退休人士對政治人物的觀感來自「政論節目」，目前只有藍綠有開政論節目。
年輕人上網頻度高，只要曾接觸過柯或黃的演講，通常一試成主顧。
上述的態勢，經過幾年都沒有明顯改變。台灣民眾黨的成長動力來自於對於異溫層的滲透。只能提醒那些所謂世俗化流程，多半是浪費錢的安慰劑，徒勞無功而已。回想一下當年柯P是如何連任成功的。強化自己的強項，不要勉強自己做不擅長的事...我會不會講得太抽象了，呵。

補充一些具體的例子好了：永遠秉持著科學理性務實的態度去面對問題，去驗證國王大進場、廟口開講、耗資動員、灌水人數、貴到離譜的紀念小物，以上這些行動的投報效率如何？支持度因此而增加，還是減少？我不反對實驗，但沒有數據的行動不叫做實驗，而是儀式。"
36,結尾很棒鼓勵觀眾培養媒體識讀和獨立思考的能力。
37,國昌贏也 讚唷
38,我先生投李四川
39,李四川不會選，鄭會選新北
40,"勝不離川 敗不離昌
這兩位比較有機會"
41,"可以做一些幫助全台灣各地民眾可以知道的題目嗎：大峽谷,民生水庫光電……等弊案，因為新聞媒體根本不播，還有很多人不知道台灣環境要被當家破壞殆盡"
42,燒碳民調！超速仔果然穩坐第一！
43,新北市三角督 民進黨贏 藍白合 黃國昌或李四川一定贏。希望新北讓黃國昌出來選
44,自己安排演員
45,早晚溫差大
46,看民進黨一直攻擊黃國昌，就知道民進黨比較怕黃，一定要讓黃國昌當選，好好教訓民進黨
47,沒救了～
48,難怪民進黨最近一直打黃國昌
49,外貿協會的真的可以跳過，都沒在聽內容，用說話口氣看待國事！？國家爛掉不是沒理由
50,國民黨執政太久了⋯⋯
51,"其實我看不懂有一個人說三顆爛蘋果，但是最後選了黃國昌又說還沒看到他爛。
那還沒有看到他爛，為何他一開始就是爛蘋果？"
52,那个怕当兵不知道当兵为谁而战的男生特别衰。
53,能力又不是財產怎麼傳承
54,"李四川肯做事
肯服務市民
我們支持正派肯為市民服務的李四川"
55,有讀書(夜市)跟沒讀書(早市)的差別
56,黃國昌適合法務部長
57,川伯的 市政經歷遠遠超過 其他兩位
58,沒錯非昌不投
59,傳承?  傳承貪汙嗎?
60,蘇巧慧當新北市長很恐怖，因爲就會每天會看到蘇貞昌，超超噁心的ㄟ！
61,黃國昌不可能三腳督，他是個有大局觀的人。新北在藍白會整合出誰，會是老天的安排。
62,希望國昌老師可以成為新北最好的選項
63,那位投蘇巧慧的發言 一聽就知道是看三立民視的受眾.
64,感謝街頭有派對
65,基本上，2026的目標，就是讓萊爾校長繼續輸就對了。
66,支持國昌老師
67,"衝衝衝傳承給蘇巧慧? 
這是什麼清朝發言，現在新北市長是世襲制是不是?"
68,智慧高選國昌老師.眼睛清高就會選新北國昌.
69,黄国昌还是更适合在立法院，未来可以当法务部长，新北市长还是应该让熟悉市政的人来做
70,不是，一張黃國昌的票會投給綠 這什麼鬼
71,哀...
72,大家能多看看黃國昌在立法院做什麼，一個很努力有理想的政治家現在很少見，希望大家能讓黃國昌有更大舞台
73,新北國昌老師
74,"民眾黨國民黨
2024年是
政治算計
分臟不成
藍白都想當老大
國家資源豐富可撈
才敗選的"
75,哇 國昌老師贏李四川欸
76,捲毛熊跟青鳥讓年輕人遠離綠
77,"有沒有這麼誇張
白天菜市場都不要黃國昌
晚上一堆人要黃國昌"
78,蘇的簡歷可以寫不必 去查 之女
79,"看這次的選擇可以清楚知道：

「沒有藍或白也不會選綠。」

民進黨真的該醒醒了，不要以為抹黑誰或關誰，就可以趁機撈到好處。"
80,"中間選民跟偏藍白的選民有一個現象，就是若候選人不是心理所想的人選，他們就不投。
其實棄投的結果就等於投了，是投到對手政營了，因為民進黨的支持者不會棄投，他們不管民進黨推出任何人就是閉著眼投，難怪藍白很難贏。"
81,老人接受新資訊真的慢！
82,"悲哀啊 年青人還是識人不清 危矣
一個只會咆哮  作秀 回答問題 問a答 b
怎可擔此任 ！
 會將國玩掉  哀哉"
83,"國昌老師真的很棒
拜託大家支持"
84,我大學剛畢業 跟朋友最常講的是：吵什麼吵 賴清德
85,好難選，李四川和黃國昌都很好，這2位都好!
86,支持戰神國昌老師
87,一定要吃快樂地瓜球 快樂地瓜球 樂華夜市
88,我的話當然是蔥哥，蔥哥邏輯好，又正義
89,"有個疑問 說是小草就不算票
為何說她是民進黨家算
還是是我漏看了是嗎嗎"
90,國昌老帥就是帥.哈哈哈哈
91,蘇家的傳承就是貪污
92,黃國昌好棒 嗚嗚 希望新北人都清醒
93,11:53艾連16歲170公分後期19歲183公分
94,李四川非常專業，高雄副市長、新北、台北副市長，經驗豐富，又專業、認真，不可多得的人才，如果李四川是新北市長是人民的服氣。
95,到三重 廬州就不同了
96,居然來到我家附近，我們全家6票唯一支持國蔥老師
97,蘇貞昌？傳承？我笑了.... 一起拿掃把吧！
98,我也是新北人 真的新北變好一定要好好投票 國昌老師是最優選擇 他曾經幫消防弟兄勞工朋友還有運動員朋友發聲也常常揭弊那些濫用納稅人的錢的不肖廠商 總是站在人民的角度去想 讓他當市長新北一定會更好
99,看來有一些老的完全不會想到內向 比如詐騙比如貪污比如司法改革都沒提 都是靠感覺
100,我外國人，我支持黃國昌！
101,這節目的街頭派對統計好像都是反指標
102,"謝謝製作影片分享。
辛苦了！

黃國昌先生加油！

祝無良的媒體、
無良的人、
司法垃圾，
早日得到報應！

理性  務實  科學

心存善念
盡力而為

天佑台灣。
祝台灣更加美好！"
103,年輕人改變思想
104,感謝，支持國昌老師
105,國蔥國蔥！！
106,大家有發現嗎？要投那個蘇巧慧的人都說不出個所以然轉頭就走……
107,剩下老人支持的政黨。
108,"現在的年輕人，都很有智慧了
開始選有能力而不是顏色了
所以年輕人選黃國昌的才比較多
李四川不是不好，他也有很豐富的實務經驗
但李四川可惜就是在於，他基本上還是政黨優先
當年為了攻擊柯文哲，把大巨蛋說成甚麼樣子
說柯文哲害大巨蛋不能開演唱會，結果半年不到，周杰倫去唱了
很明顯就是為了政治攻防說的話，不相信的話，我找新聞標題給你

大巨蛋辦演唱會恐卡關 李四川：被柯市府綁死
2024/5/31 （6/12  更新）

周杰倫4場大巨蛋演唱會落幕！喊「下一次別再隔7年」 歌迷淚崩不肯離場
周刊王CTWANT |薛羽彤
更新時間2024年12月9日"
110,只投國昌國師!!!
111,宜蘭人支持為國家做事的黃國昌主席加油新北市民
112,戰神昌
113,2:02 這個在供三小，蘇貞昌不就更大聲？？
114,"2026年新北市市長：李四川
一定要贏、四川了末來、基礎建設,"
115,我雖然不是新北人，但我希望陳世軒可以當市長，他為新北做的事情太多太多了，而且都是正向的
116,"國昌老師加油！
努力經營地方！
路不好走要穩穩地走！"
117,支持藍白合來打倒民進党:就對了！
118,我以前看黃國昌也蠻討厭的，，因為我知道他骨子裡是綠的，跟柯p一樣，因為從他們以前質詢國民黨官員的態度就知道，相當苛刻。可是自從政黨輪替後，發現黃始終如一，才發現他是真的堅持理想的人，如果有機會能在路上遇到並有握手的機會的話，為我的誤會跟他道歉。
119,出乎意料！讚啦
120,你如果有智慧的話，應該選李四川，因爲李四川一直作事情都非常認真，而且是專業人士，非常棒。
121,唯一支持川伯。川伯：加油！
122,木炭民調先觀望
123,我昌威武！文昌之治
124,好的立委      就可惜了   肅貪的權力在中央啦   地方屁也付不出來也付不出來
125,民調李輾壓黃 這種街頭民調真的比較算娛樂性質
126,中永和那麼藍完全不意外，黄那麼高才比較意外
127,期待藍白合作，下架爛政府！
128,台灣永遠都喜選擧下氣氛下的自己，民；生，市容，公廁，下水道，人行道食品，詐騙，多関心點
129,新北選黃國昌才有活力，不然還是走回頭路！
130,有稍年長者支持國昌老師會很感動
131,可見與小草比，老藍男較不支持藍白合，且很明顯青鳥出沒在投票時間的白天，小草睡醒在開票時間的夜晚，假如在藍白合初選要黃國昌勝李四川，小草最好避免非昌就投川的心態，否則黃國昌一定回家玩沙。
132,"難怪民進党一直不解決少子化問題
然後瘋狂的搞長照這塊
牠們這些爛步已經對中年跟青年無效了
只能死命避免年輕人出生，想辦法死守那不到40%的票
再把手伸進去教育體系，想藉此洗腦新一代
比共產黨還要噁心"
133,民眾黨加油永遠支持
134,第二位採訪的為誰而戰為何而戰這話很熟悉
135,得到蘇貞昌的傳承工三小
136,李四川還沒進場，做的太早了吧？
137,未看先猜 我大蔥哥
138,這個調查是旺旺隊出來之前的嗎??哈哈!!
139,難怪民進黨最近狂打黃國昌，而且藍白彼此願意互投的挺多的
140,主要民眾黨大票源的年齡層人數太少了⋯
141,年輕人還是支持老師多一點，老人的部分老師要多加油了！
142,加油國昌
143,我是新北人，我支持黃國昌，因為國蔥老師做事認真，總是能抓住重點解決問題、心繫民眾會替人民著想，不選李四川的原因是因為他太守本分，不會有所突破，就跟現在的侯市長一樣，平平無奇，這對新北市來說不會有太大的進步，民進黨的不用說了，甲賽啦
144,國昌老師 上車囉～！🩵🇹🇼🩵
145,"其實我原本對蘇巧慧沒啥意見的，不過看過幾場他在立法院的質詢，我真的不懂她到底在幹嘛
加上他老爸當上行政院長之後的那個嘴臉，印象差上加差..."
146,黃國昌讚！理念正義真實在，為臺灣人民作戰保衛國家有實務必勝
147,昌哥加油
148,青鳥要崩潰了嗎
149,看得出來，年輕人支持黃國昌，年老的支持李四川
150,年輕人大部分都支持黃國昌
151,"昌哥跟川伯都不錯,但是川伯年紀與個性(太老實)是個弱點,三角督我還是會選擇昌哥,如果昌哥不選就會選川伯,不管怎樣就是比民進黨的任何人選好"
152,傳承她爸的貪污
153,李四川副市長，當初是韓國瑜在高雄當任市長時的副市長，當年幫助韓國瑜市長對高雄就做出了許多重大事件的助力，是一位很有績效很有能力很幹練的一位優質優秀的的人才。我相信韓國瑜院長，我也相信蔣萬安市長倆位用人唯才的眼光，我非常相信李四川副市長的能力絕對是我們新北市的好家長。我唯一信任、 唯一敬愛、唯一尊重、唯一支持、唯一相挺、唯一選擇、唯一的一票就只會投給《李四川副市長》更是我心目中《2026的中華民國新北市市長》！
154,李四川最適合
155,我希望是未來任何政黨比的是施政 落實 政績。
156,看到新北的老人台灣沒救了、看到年輕人、台灣還有希望
157,"李四川：政務官，能做事，扛市長這面大旗感覺不太適合
蘇巧慧：政二代，個人也沒任何特色可言
黃國昌：狠人"
158,我昌哥最棒！
159,國昌老師加油
160,國昌加油
161,非昌不投，讚啦
162,"和上一集比
和尚義及市場比差別這麼大啊!!!!!!"
163,黃市長
164,太感動了，台灣人民終於覺醒了
165,因為我是民進黨。所以不需要有腦 高層貪污 我在做工還在笑系系
166,帥 好帥 國昌哥哥超級無敵帥
167,"看到這個頻道
按讚的人只有
1100多位還算少吧
希望能按讚到
一百萬
國昌穩當選新北市長"
168,支持川伯喔，只要不是綠營選將都加油！
169,加油
170,黃國昌執詢政府官員，如果不大聲說話、官員都放懶懶的ㄧ點都不積極
171,2022年一次 2024年一次 2026年再來一次 是要湊滿三個第三名嗎? 哈哈
172,國昌主席真的是很優秀的人才，謝謝國昌主席為台灣人民做了很多事情，國昌主席加油！
173,老人票都不會去夜市的啦，所以這種問好玩的
174,支持川伯
175,我新北，唯一支持川伯
176,李感覺就是那種中規中矩的人（但求無過） 做副的可能比較適合（
177,"這個訪問最大的盲點就是低估了老人票…..
老人票超多而且超鐵"
178,太開心了
179,科學在哪裡 理性在哪裡？感覺好像是口號⋯
180,"棒棒的！國昌老師 加油..
最好的選擇"
182,國昌哥上車咯
183,希望藍白整合成功
184,國昌老師加油
185,如果不是川伯！就是支持國昌老師
186,黃國昌是太陽花的出生又加入時代力量現在又加入民眾黨，這個跟他主子一樣投機取巧政客柯文哲
187,全能國昌老師
188,黃國昌連柯文哲都跟縱做那麼都的壞事這種人真悲哀阿
190,"支持認真的國昌老師,但憂心如果藍白不整合，民退黨又整碗捧了"
191,夜市/早市兩樣情
192,黃國昌加油！
193,民進黨支持者永遠說不出實質的支持言論
194,高雄人都羨慕台北有柯文哲跟黃國昌了
195,支持黃國昌、全家戶籍遷新北市！
196,沒想到黃國昌在街訪會有最高票的一次，這邊議員民眾黨蠻有機會的
197,洗得乾乾淨淨⋯
198,支持國昌老師
199,支持川伯
200,國昌老師加油
201,支持國昌老師
202,選做事認真實在的李四川，絕對不選政二代！
203,國民黨老同學都改變看人，民進黨為何還不承認少數服從多數。
204,含淚投綠真的是當年最大騙局
205,"這種影片，甚至可以考慮把所有立場的人的對話和新聞、事實做一個分析。

再來一些國外的作比較，有機會看出網路發展對政治的影響力。"
206,"新北給國昌選，藍營在其他縣市就很好選。希望藍營聽懂這句話！
32：0 已印證了不是嗎！"
207,真希望國昌老師能來台中選，因為支持民眾黨在台中來說蠻多的
208,振奮人心
209,川伯跟國昌都好，守住新北，不要讓綠的有機會！
210,請問什麼時候要做有關詐騙相關的民意調查，比如台灣詐騙氾濫是什麼原因造成，又或者是為何不修法重判，那個黨最該負賣責之類的票選
211,小姐、有料才敢大聲
212,1:39 蘇巧慧在立法院到底有什麼表現，最好是能講得出來。
213,李四川!!!全家族48票都支持有!!!!!!!
214,支持黃國昌
215,支持民眾黨
216,李四川非常專業，高雄副市長、新北、台北副市長，經驗豐富，又專業、認真，不可多得的人才，如果李四川是新北市長是人民的服氣。
217,支持民眾黨
218,黃國昌很棒，早就要表態出來選新北市了，眾望所歸
219,終於有一集比較正常的了
220,國民黨很自戀的，不可能整合成功
221,來三蘆的話就不一樣了，絕對是綠色的XD
222,我65歲 我選國昌老師
223,全家投國蔥
224,首都不需要西瓜來選
225,藍白要合 不然重複2024的悲哀
226,台中人，但我支持黃國昌征戰新北市長。
227,民進黨真的是把藍白，打到精煉，去除雜質，鐵板一塊。
228,支持民眾黨的黃國昌
229,蘇巧慧請回家跟爸爸搶掃把
230,蘇巧慧當選，新北就變光電廠了
231,第一個帥哥說的好，為何而戰，為誰而戰，戰爭是殘酷可怕的希望世界和平
232,主持人說“感覺夜市就是民眾黨的天下？”.... 會不會是民眾黨支持者愛逛夜市
233,支持國昌，其他不考慮
234,新北更好的選擇黃國昌
235,支持民眾黨 柯P 國昌 正直之士
236,"看那麼久 早市跟夜市幾乎都是這種結果
早市老的會贏 晚市年輕的會贏
黨媒專門洗腦看電視老人 沒有是非對錯"
237,國民黨選了個最不好的人選當黨主席，民眾黨還繼續要藍白合嗎?
238,我也選黃國昌
239,我新北 支持黃國昌
240,新北 支持國昌老師
241,同一選區
242,支持川伯比較有能力川伯加油
243,還是要提醒 民進黨的基本盤很厚很難動搖 而且都很會在網路上發造謠文 轉傳不實圖卡   另外民進黨的網路媒體操作真的很強大 像現在非洲豬瘟 跟北部下雨 台中非洲豬瘟完全按照合法步驟診療 檢驗陽性 現在執政黨開始攻擊台中晚10天才檢驗 完全不管來源到底是哪裡~~
244,"綠執政太久，政黨輪替
國昌老師有在做事，揭弊！為人正直！
為了台灣，年輕世代站出來"
245,新北如果藍白合的話贏面很大。
246,藍白誰當選我都沒意見，不要讓民進黨撿到就好
248,夜市的調查比較準確
249,又搞藍白分裂   讓民進黨選好了
250,爸爸是蘇貞昌了不起噢！什麼政績都沒有，我爸爸是川普耶！
251,"老人沒救了
被三民自洗腦太深"
252,黃國昌，敢衝，敢做，清廉
253,這支片的幕後金主是不是蘇巧慧阿
254,黃國昌加油！
255,"如過要藍白合，新北一定要給黃國昌，台北桃園鐵定是藍，台中應該也跑不掉，高雄跟台南也只能靠藍去拼，新北讓給黃國昌讓未來兩年有人可以跟中央對話，這樣確實不錯！
我喜歡李四川，但他真的適合做事，不適合出頭～就跟侯市長一樣，記者不喜歡訪問他！"
256,會支持民禁洞腦子應該破了 不然就傻了
257,這比法不錯
258,"民眾黨有什麼好
前主席
市長8年任內
一直在搞弊端
搞出5大弊案
現在新光人壽
土地低價標
高售價案
輝達進不去
就是柯文哲搞出來的昌就是
搞狗仔集團
哪裡有替
國家人民做事
都是搞政治權利鬥爭
個人政治前途利益
政治變色龍"
259,恭喜黃國昌當選新北市市長，，，，，，
260,永和人素質就是高啦
261,希望能一個當市長一個當副市長實現藍白合
262,政策執行力川伯讚  選舉如戰場 國昌 讚
263,"穩了
就算三腳督也沒綠的機會"
264,又來了又來了，街頭民調只要投綠的幾乎都沒有什麼論述，都是投信仰的
265,民眾黃玩好玩的
266,戰神!!!!!!!!!!!!!
267,"每個時期不一樣的需求
現在的台灣，需要的是打詐打貪，撙節支出，降低物價，導正公權力
那您認為誰最適合？
答案不就出來了？"
268,2026唯一共識！下架民進黨教訓賴清德
269,我個人不喜歡這個街訪 問話的方式 人家已經說會投李四川 他又問如果沒有李四川 你會投誰 這人說黃國昌 所以他貼了兩個人 這種民調不可信 因為藍白會協商推出民調高的出來選
270,國蔥快來新北當市長，這邊延宕的建設好多
271,義和團的聚集地，新北
272,"民進黨不倒
台灣不會好"
273,講實話，年輕人如果都願意出門投票…藍綠都不是民眾黨的對手，可惜，年輕人通常會放棄自己的投票權，將未來交給老人決定
274,一直覺得民眾黨應該去經營綠營優勢選區，因為執政不佳+藍營弱勢，留在北部不會有太大起色
275,民眾黨看來又要當假老二助攻民進黨了，希望黃國昌知所進退。
276,事實年輕人已對藍綠非常厭倦
277,李四川做事很認真，聽了都覺得好空喔～又沒有出來選舉過
278,這裏正常多了
279,川伯加油
280,從質詢次數就可以知道黃在真正做事，不要看黨派，誰是誰的誰並不重要
281,你就民眾黨貪汙黨的，還在那演。
282,"這個頻道
根本就是民眾黨
自己設計的網站
故意招攬年輕人"
283,黃國昌不是立委嗎？若選新北市長，民眾黨立法院不就馬上弱掉？
284,"建議大家看看就好了欸
這頻道2024總統大選翻大車阿
不用太認真"
285,我喜歡李四川 我在多倫多 2026 11月 我一定會回台灣投票 李四川 凍蒜
286,樣本數這麼少，再做個一個月再來放影片吧，有學過統計學嗎？
287,我支持黃國昌
288,"蘇貞昌不錯啊，新北市還是台北縣時連任很多次，你們年輕人出生了嗎？
不曉得蘇貞昌做了什麼可以上網查
要不是陳水扁害了他，他現在搞不好還是新北市市長"
289,蘇巧慧在搞葉元之大罷免時，這人很陰，其他藍白哪個出線我都ok
290,黃國昌
291,"民眾黨 黃國昌40歲一下的票數比較多
而 逛夜市的人
主要是40歲以下居多
但是住在台北新北的人
50歲以上占比比較多
所以 民進黨現在為什麼全力的用媒體 政論節目 網軍一直抹黑民眾黨 黃國昌
就是在鞏固50歲以上的票"
292,支持白但老實說市長不是最適合國昌老師的位置，立委或是法務專業的比較能發揮他的優勢，市長這種位置會更容易被民進黨或媒體抓到機會打
293,黃國昌 加油~戰神!!
294,唯一支持黃國昌
295,"本集心得
支持民眾黨
要注意自身安全"
296,支持黃國昌
297,討厭民進黨成在野最大共識
298,支持民眾黨
299,支持黃國昌
300,希望民眾黨不能讓黃國昌以二年條款辭去立委，綠媒側翼瘋狂打他，姑婆勇公然嗆他，柯P這一年是怎樣被司法對待的？有保護傘很重要，民眾黨需要好的領導人
301,"街頭派對～
李四川、黃國昌、
絕不選蘇小慧。"
302,只要白色藍色共同出線、林淑芬一定上
303,馬德那票應該不能算
304,民進黨會漸漸變成老人黨。
305,年輕人怎麼也連啥角色可做啥事都搞不清
306,李不適任，畢竟政務官做太久，包袱太重，容易被牽制
307,改變成真！ 謝謝民眾黨努力的各位
308,國昌老師最適合做台灣的法務部長
309,"哇哈哈哈哈！笑死鬼！
不喜歡黃國昌，因為他很衝！
喜歡蘇巧慧，因為傳承蘇貞昌？他不是衝衝衝？"
310,偶愛蔥蔥
311,希望四川可以跟國昌搭
312,"不會笨到要選在水庫上設光電板的那個黨吧...
國蔥為何每次都發飆?! 這政府做事做不好...又亂花錢...如果這是你的錢...你火氣不大嗎?!"
313,國民黨在新北做太久了尤其是侯友宜擺爛爛的快跟尤清一樣該換黨做了。
314,我是藍的，我的票只會投給國民黨；絕對不會投給白的。最討厭民眾黨和柯文哲了，反對藍白合。請民眾黨自己選吧。
315,國昌穩贏
316,把蘇家貪的錢打出來
317,真的台灣人民政治有比較清楚
318,想到蘇貞昌過往種種言行 還真不會想投給他的人
319,"還是要注意年輕票雖然大勝，但是會像之前一樣
大選老人票都湧出來"
320,"一定要喬好，只能一個人出來，不然會爽到民進黨
因為早市的被洗腦的老人都選民進黨"
321,台灣没有了這些年輕人就惨惨惨
322,民進黨在年輕人眼裡是厭惡至極 看來在過幾年民進黨真的票會越來越少
323,蘇巧會，很好笑
324,川伯加油，國昌也要心服口服的心寬
325,"新北宋楚瑜
總統謝新達"
326,年輕人懂得分辨是非  台灣未來就靠他們了
327,藍白看來很難合，一堆白的不投藍，我藍的，白的出來我也不投啦！
328,蘇氏黑金
329,這集正常一點！！！
330,"各縣市, 藍白瞧一個出來選就對了!!"
331,藍白不管誰上，第一件事可以拆除賴皮寮這違章建築嗎？
332,國昌老師是一個很有肚量的人，大罷免之前被民進黨欺負成那樣，也沒有記恨，大罷免之後仍然可以跟柯建銘化敵為友。台灣現在根本不是政黨惡鬥，是民進黨自己找別人來鬥
333,好意外！我以為是黃國昌跟蘇巧慧爭，沒想到是李四川跟黃國昌爭1/2。不過才一小區也還很難看出！
334,天啦，這些選黃國昌的全然人不看執政理念
335,總算!
336,黃國昌甚至說民眾黨在新北有任何地方上經營經驗嗎？以及地方上有任何幕僚資源嗎？
337,綠故意灌票給黃國昌，誤導選民。
338,國民黨在新北太久了想換民眾黨試看看 綠的就算了看了就倒胃口
339,民进党基本盘真稳
340,民眾黨的眼界真的不夠！到時看起來又是綠的贏啦
341,拜託不要巧克力，景氣不好快生活不下去了
342,那个说当兵不知道为谁而战的男生特别有失水准。若是台湾被大陆统治，你丫后悔就来不及了。
343,05:29 真的很愛公審(雙手一攤
344,不支持李四川、四川還是四川、不支持黃國昌、人家已經放話立委下來、他就有事了。這種（有種）敢衝敢說的人、不畏艱險、還在想什麼、就是他了啦！
345,神了，黃國昌竟然那麼多，藍白有的喬了。
346,青鳥側翼崩潰吧
347,"因為他爸爸是蘇貞昌？
唉 真的不是要嫌蘇
我住屏東市前進里頭前溪
小時候選舉時常常
蘇：我是蘇貞昌 衝衝衝 我是頭前溪人，我回來了，拜託拜託，拜託大家投我一票
離奇的是，選舉結束人又不知道跑到哪去了？真的只有選舉才會出現的那種"
348,如果藍白合  起來-    正白正藍 副手都藍白各一     變成只要不投民進黨的      另外藍白合體一定選得上阿 >>我給國昌哥哥一票
349,我只覺得這種情形...2024總統大選的慘劇只會重現
350,藍白沒整合 就綠的贏 學乖了沒？
351,只要不選綠都好.黃委員不要綁在新北.黃委員需要在別的位子
352,給蘇當選是要延續他爸的反質詢跟 在那叫什麼 嗎?
353,这次的名调太乱
354,民進黨的...支持者醒醒好嗎 加油！民進黨失去為人民服務的信念，我已經不認識了...
355,可是早市年長者還是投綠的多得多呢！
356,"15:15
總是在權力的對立面的人是牆頭草???
是不是誤會了牆頭草的意思啦"
357,李四川
358,十個政客九個騙，還有一個再訓練，所以川伯實在，昌哥有正義，都是不錯的人選，加油。
359,李四川做市長新北市只有好，其他的會出現政治口水市政會出現問題柯文哲就是例子
360,不管如何，藍白在新北只能推派一人出來選，搞三脚督必輸
361,這夜市人也太少了吧！
362,跟艾連比 笑了
363,"民進黨不倒
台灣不會好"
364,"我是新北市人，說真的就這三位來看除了黃國昌外其他誰值得信任？
只是黃應該更適合當法務部長"
365,藍：髒->漂白；綠：白紙->髒；白：白紙
366,爸爸是轮真惨、又欺骗神明一
367,9:14 比較正派...！？
368,啥小問法，問到投給藍白的，就問假設對方沒出來選，你會投給哪一位，那這樣票數根本不真實
369,這哪裏的夜市啊
370,"不投貪污黨李四川加油
李四川加油
肯服務肯做事
讚啦"
371,期待黃國昌出來當炮灰
372,"1：40 生根在地 民意代表...深根在地，不是李四川？
從台北縣工務局到 周錫瑋時期 台北縣副縣長，朱立倫時期 新北市副市長，
然後韓國瑜 南邀任 高雄市副市長，蔣萬安 北邀任 台北市副市長，
這是 什麼樣的 人才(實作幹練)？"
373,第一個講話好糖....
374,"絕對支持 阿昌2028競選 
組個文昌配 藍白合
主打一個送中套餐 送好送滿 這樣選舉以後就不會有選擇障礙了"
375,無聊的訪問
376,永和市有智慧的 難怪李四川會贏
377,新北人一般都會投李四川
378,輸巧慧有辦法超越他爸爸嗎？騙神的部分
379,公正比民調出線吧！民眾黨理性科學務實
380,新北藍白不合 黃國昌鐵定不會上 要衝就要統一票源 而不是互相分票
381,國昌葛葛上車囉
382,就是李四川了，無人可比
383,川、昌誰贏誰出來，不會有任何意見，打蘇小雞連滾帶爬
384,"我們不支持貪污黨
不投獨裁賴清德那一黨
邪惡的民進黨，貪污官一堆，太可惡"
385,藍白誰來都可以   不要綠的就好了
386,我新北人投川伯
387,"國民黨 加油 
李四川 加油"
388,原來愛說謊是很有邏輯 有做事 笑死人
389,强力支持黄国昌，但如果黄没出来选，会选李副市长。
390,投李四川或蘇巧慧，其實在各自在新北地方上都有其經營的人脈、資源，差異不會太大，但說要投黃國昌的，是不是搞錯了什麼？他及民眾黨在新北有什麼能耐？
391,其實票投出來還是要李四川才會贏
392,蘇巧慧在新北很強 她爸就是蘇貞昌 別輕敵 藍白的支持者要出來投票
393,要給藍白一個觀念，重點不是喜歡李或黃，而是整合之後不管誰出線就是支持到底，先做掉綠圾黨為優先，還在那非誰不投就是綠共同路人
394,"真的不要活在同溫層
民進黨年輕票還是有一定基礎
民眾黨能拉走的恐怕還是有限"
395,更細膩的貪污
396,年轻人都喜欢黄国昌
397,"沒救了新北市
我要搬走"
398,"還好 只看上一場 看到會難過
這一集有看 才會知道戰神是有能力拿下新北的

加油 所有新北挺藍白的 26年這一役 只能靠你們了 28年我們再整合集結所有力量 讓政黨輪替"
399,我覺得國昌老師比較適合當立委
400,2026在野需要合作，否則三腳督，大概率會是民進黨當選
401,太帥了
402,這個主持訪問有偏向绿不然三翻二次說李四川沒出來選要選誰
403,"有點擔心, 看來藍白合還沒有很成功, 如果不是心中的人選就不選, 那就不叫藍白合了, 藍白支持者真的要團結啊..."
404,真可怕，藍白舔共成這樣，還有年輕人相信，台灣被共產黨統一不遠了
405,新北市藍白還不錯
406,"上一集加起來 民進黨基本盤還是4成
不整合太危險"
407,洪甘七逃
408,國昌 四川都可
409,我只支持國民黨，蘇巧慧占蘇貞昌光，自己又沒能力黃國昌太陽花運動人物小綠又變民眾黨，立場不定跟柯文哲一樣投機取巧的政客
410,整體選民結構，年輕人還是偏少，不過這場也問到不少大齡的又好像有點參考價值，樂華夜市可能新北地緣包含中永和+新店的居民會比較多，這結果感覺有點意思~
411,民眾幫 又玩假民調 噁爛！
412,你们天天投票不烦么，还有正事干么
413,新北真的不太認識實在做事的川伯吔
414,黃國昌委員你要多多加油喔如果你的民調結果最高的話，吾，就堅決支持你代表，藍，白，選新北市長哦
415,"如果今天
是柯文哲
當選總統
還得了
現在翹惡狼腿
交待國昌辦事
清除異己
光電.大水庫.大峽谷
忙得不可開銷"
416,蘇巧慧就不用出來白費功天啦！
417,蘇巧慧就不用出來白費功天啦！
418,國昌加油
419,有老師投老師、有川伯投川伯，一個應該主攻整頓、一個主攻建設，兩個都很讚。反正民進黨選不到就可以了
420,"選哪一個黨都一樣
只要沒有
任何黨員身份
不是財團.椿腳、
任何關係
一般民眾
都沾不到邊好處
靠自己努力賺錢
最實在
就算黃國昌
當選新北市長
他也不會
每個月發給你們小草每個月10000塊"
421,怎麼民眾黨不找館長選新北呢？
422,"在位者也知道老人票比較鐵
少子化搞不好也是有意為之
一切都是套路"
423,真的 2026新北藍白合一定贏
424,很棒的設計，更可以看出民眾的想法，  看起來藍白整合的話，戰神對上李四川應該是4:6分，不過從這次的藍主席選就可以看出來，改革才是藍白底層最大的聲音
425,"蓝白之爭兩人倒綠得利
李四川有經驗會做的更好
黃國昌囂張成不了器
參考"
426,現在政見都聽聽就好 根本是唬爛大賽
427,新北應該比較偏向白
428,川伯國昌都加油，
429,我選黃國蔥當烏干達總統投他一票~
430,"支持民眾黨年輕人
有很多還沒出社會
可能頭腦被灌輸思想老師說什麼
就信什麼？
沒其他選擇....
書呆加沒有社會經驗
被詐騙集團
騙的團團轉"
431,支持民眾黨科學，理性，清白貪污
432,輸的家人去上網去查ㄧ下
433,"李四川吧
真的有經驗，有想法，有能力的市長人選。
但黃國昌是全國人民都需要，暫時立委繼續為我們加油好嗎？
南部人的期許"
434,QQ
435,"蘇主要還是靠爸爸光環才知道她是誰…
（畢竟我非新北生活圈內，所以不是很懂她個人在地影響力跟魅力與能力有多好）。上次綠營派林佳黑龍出戰新北，這次林佳黑龍又會挑戰哪裡6都首長（台南、高雄撇除，去其他地方也是當炮灰）？"
436,鼓勵黃國昌選新北的都是青鳥
437,批評黃國昌的永遠只能說他講話太大聲——這到底什麼水準？？ 笑死
438,看了真驕傲  還是我們中永和的人比較正常
439,科學理性務實，理念口號很響亮，果然年輕人都是有腦袋的。
440,必須要給民眾黨一個機會慢慢取代民進黨
